{
  "GPT-4o-mini / RP (Baseline)": {
    "model": "GPT-4o-mini",
    "method": "RP (Baseline)",
    "exp_dir": "aws-results-exp-gpt-4o-mini-RP-baseline-20251216-225552",
    "ASR": {
      "point_estimate": 0.1545,
      "std": 0.007986018641976742,
      "ci_95_lower": 0.139,
      "ci_95_upper": 0.1705,
      "n_replicates": 1000,
      "n_samples": 2000
    },
    "diversity": {
      "point_estimate": 0.5961127320683073,
      "self_bleu": 0.4038872679316927,
      "std": 0.004837544733640229,
      "ci_95_lower": 0.41858386653486074,
      "ci_95_upper": 0.43736240848237046,
      "n_replicates": 1000,
      "n_samples": 2000
    }
  },
  "GPT-4o-mini / RP + RTer0": {
    "model": "GPT-4o-mini",
    "method": "RP + RTer0",
    "exp_dir": "aws-results-exp-gpt-4o-mini-RP-RTer0-20251215-004005",
    "ASR": {
      "point_estimate": 0.214,
      "std": 0.009133624198531492,
      "ci_95_lower": 0.1964875,
      "ci_95_upper": 0.2315,
      "n_replicates": 1000,
      "n_samples": 2000
    },
    "diversity": {
      "point_estimate": 0.46297924680644065,
      "self_bleu": 0.5370207531935594,
      "std": 0.004546937841766113,
      "ci_95_lower": 0.3776547574624931,
      "ci_95_upper": 0.3953312055524078,
      "n_replicates": 1000,
      "n_samples": 2000
    }
  },
  "GPT-4o-mini / RP + RTer1": {
    "model": "GPT-4o-mini",
    "method": "RP + RTer1",
    "exp_dir": "aws-results-exp-gpt-4o-mini-RP-RTer1-20251215-110041",
    "ASR": {
      "point_estimate": 0.2875,
      "std": 0.010199605825716983,
      "ci_95_lower": 0.2674875,
      "ci_95_upper": 0.307,
      "n_replicates": 1000,
      "n_samples": 2000
    },
    "diversity": {
      "point_estimate": 0.5230154654434216,
      "self_bleu": 0.4769845345565784,
      "std": 0.004757352184040121,
      "ci_95_lower": 0.4480810814140981,
      "ci_95_upper": 0.46617252259670416,
      "n_replicates": 1000,
      "n_samples": 2000
    }
  },
  "GPT-4o-mini / RP + User0": {
    "model": "GPT-4o-mini",
    "method": "RP + User0",
    "exp_dir": "aws-results-exp-gpt-4o-mini-RP-User0-20251215-204622",
    "ASR": {
      "point_estimate": 0.136,
      "std": 0.007348813237523455,
      "ci_95_lower": 0.1225,
      "ci_95_upper": 0.152,
      "n_replicates": 1000,
      "n_samples": 2000
    },
    "diversity": {
      "point_estimate": 0.49908344038633234,
      "self_bleu": 0.5009165596136677,
      "std": 0.004354396835568169,
      "ci_95_lower": 0.38060610570897424,
      "ci_95_upper": 0.398290428861081,
      "n_replicates": 1000,
      "n_samples": 2000
    }
  },
  "GPT-4o-mini / RP + User1": {
    "model": "GPT-4o-mini",
    "method": "RP + User1",
    "exp_dir": "aws-results-exp-gpt-4o-mini-RP-User1-20251216-052129",
    "ASR": {
      "point_estimate": 0.1475,
      "std": 0.008093245269976686,
      "ci_95_lower": 0.132,
      "ci_95_upper": 0.1635,
      "n_replicates": 1000,
      "n_samples": 2000
    },
    "diversity": {
      "point_estimate": 0.603511986171772,
      "self_bleu": 0.39648801382822796,
      "std": 0.004963496692568852,
      "ci_95_lower": 0.42548340134642365,
      "ci_95_upper": 0.44451326101617966,
      "n_replicates": 1000,
      "n_samples": 2000
    }
  },
  "Gemini Flash / PG_RTers": {
    "model": "Gemini Flash",
    "method": "PG_RTers",
    "exp_dir": "aws-results-exp-gemini-flash-PG-Rter-20251227-034717",
    "ASR": {
      "point_estimate": 0.1765,
      "std": 0.008482865023092137,
      "ci_95_lower": 0.1604875,
      "ci_95_upper": 0.193,
      "n_replicates": 1000,
      "n_samples": 2000
    },
    "diversity": {
      "point_estimate": 0.4789259764000968,
      "self_bleu": 0.5210740235999032,
      "std": 0.0032077287002365684,
      "ci_95_lower": 0.3157116516847391,
      "ci_95_upper": 0.3281210370425407,
      "n_replicates": 1000,
      "n_samples": 2000
    }
  },
  "Gemini Flash / PG_Users": {
    "model": "Gemini Flash",
    "method": "PG_Users",
    "exp_dir": "aws-results-exp-gemini-flash-PG-User-20251228-033117",
    "ASR": {
      "point_estimate": 0.473,
      "std": 0.011036479046779355,
      "ci_95_lower": 0.4519875,
      "ci_95_upper": 0.4945,
      "n_replicates": 1000,
      "n_samples": 2000
    },
    "diversity": {
      "point_estimate": 0.08866302565971662,
      "self_bleu": 0.9113369743402834,
      "std": 0.002164932880551655,
      "ci_95_lower": 0.07349365800573607,
      "ci_95_upper": 0.08199850799634095,
      "n_replicates": 1000,
      "n_samples": 2000
    }
  },
  "Gemini Flash / RP (Baseline)": {
    "model": "Gemini Flash",
    "method": "RP (Baseline)",
    "exp_dir": "aws-results-exp-gemini-flash-RP-baseline-20251221-110317",
    "ASR": {
      "point_estimate": 0.1875,
      "std": 0.008789850681325598,
      "ci_95_lower": 0.1715,
      "ci_95_upper": 0.2045,
      "n_replicates": 1000,
      "n_samples": 2000
    },
    "diversity": {
      "point_estimate": 0.6135263406632494,
      "self_bleu": 0.3864736593367506,
      "std": 0.005054031811268268,
      "ci_95_lower": 0.41439278112039235,
      "ci_95_upper": 0.43445969909550286,
      "n_replicates": 1000,
      "n_samples": 2000
    }
  },
  "Gemini Flash / RP + PG_RTers": {
    "model": "Gemini Flash",
    "method": "RP + PG_RTers",
    "exp_dir": "aws-results-exp-gemini-flash-RP-PG-Rter-20251226-032222",
    "ASR": {
      "point_estimate": 0.187,
      "std": 0.008917082356354016,
      "ci_95_lower": 0.1699875,
      "ci_95_upper": 0.204,
      "n_replicates": 1000,
      "n_samples": 2000
    },
    "diversity": {
      "point_estimate": 0.647332600437007,
      "self_bleu": 0.352667399562993,
      "std": 0.004940864230566728,
      "ci_95_lower": 0.44755727912318405,
      "ci_95_upper": 0.46659096236052605,
      "n_replicates": 1000,
      "n_samples": 2000
    }
  },
  "Gemini Flash / RP + PG_Users": {
    "model": "Gemini Flash",
    "method": "RP + PG_Users",
    "exp_dir": "aws-results-exp-gemini-flash-RP-PG-User-20251226-142157",
    "ASR": {
      "point_estimate": 0.174,
      "std": 0.008737196217895071,
      "ci_95_lower": 0.1574875,
      "ci_95_upper": 0.192,
      "n_replicates": 1000,
      "n_samples": 2000
    },
    "diversity": {
      "point_estimate": 0.6368393856454481,
      "self_bleu": 0.36316061435455194,
      "std": 0.00494240686186163,
      "ci_95_lower": 0.42176087407892804,
      "ci_95_upper": 0.44157680171107105,
      "n_replicates": 1000,
      "n_samples": 2000
    }
  },
  "Gemini Flash / RP + RTer0": {
    "model": "Gemini Flash",
    "method": "RP + RTer0",
    "exp_dir": "aws-results-exp-gemini-flash-RP-RTer0-20251225-053426",
    "ASR": {
      "point_estimate": 0.23,
      "std": 0.009528180099053542,
      "ci_95_lower": 0.2115,
      "ci_95_upper": 0.249,
      "n_replicates": 1000,
      "n_samples": 2000
    },
    "diversity": {
      "point_estimate": 0.4963694386814764,
      "self_bleu": 0.5036305613185236,
      "std": 0.004740064305033683,
      "ci_95_lower": 0.36806292142599345,
      "ci_95_upper": 0.3868724042902463,
      "n_replicates": 1000,
      "n_samples": 2000
    }
  },
  "Gemini Flash / RP + RTer1": {
    "model": "Gemini Flash",
    "method": "RP + RTer1",
    "exp_dir": "aws-results-exp-gemini-flash-RP-RTer1-20251220-012158",
    "ASR": {
      "point_estimate": 0.22,
      "std": 0.008890746298821042,
      "ci_95_lower": 0.20298750000000002,
      "ci_95_upper": 0.237,
      "n_replicates": 1000,
      "n_samples": 2000
    },
    "diversity": {
      "point_estimate": 0.5919097229315302,
      "self_bleu": 0.4080902770684698,
      "std": 0.004624065762773052,
      "ci_95_lower": 0.4403402529970813,
      "ci_95_upper": 0.45839882506958085,
      "n_replicates": 1000,
      "n_samples": 2000
    }
  },
  "Gemini Flash / RP + User0": {
    "model": "Gemini Flash",
    "method": "RP + User0",
    "exp_dir": "aws-results-exp-gemini-flash-RP-User0-20251221-022317",
    "ASR": {
      "point_estimate": 0.1575,
      "std": 0.008414130911746028,